"perc_increase","n_visits","n_pens","fish_per_pen","No_Fish","power"
20,10,15,15,2250,"0.82 [0.79, 0.84]"
20,12,2,20,480,"0.81 [0.77, 0.84]"
30,8,5,30,1200,"0.81 [0.77, 0.84]"
30,10,2,20,400,"0.82 [0.78, 0.85]"
30,12,2,10,240,"0.83 [0.8, 0.86]"
50,6,5,20,600,"0.81 [0.78, 0.84]"
50,8,2,15,240,"0.82 [0.79, 0.85]"
50,10,2,5,100,"0.81 [0.77, 0.84]"
50,12,2,5,120,"0.84 [0.81, 0.87]"
100,4,2,30,240,"0.83 [0.8, 0.86]"
100,6,2,10,120,"0.86 [0.83, 0.89]"
100,8,2,5,80,"0.92 [0.9, 0.94]"
100,10,2,5,100,"0.98 [0.97, 0.99]"
100,12,2,5,120,"1 [0.99, 1]"
150,4,2,15,120,"0.81 [0.78, 0.85]"
150,6,2,5,60,"0.9 [0.87, 0.92]"
150,8,2,5,80,"0.98 [0.97, 0.99]"
150,10,2,5,100,"1 [0.99, 1]"
150,12,2,5,120,"1 [1, 1]"
