"perc_increase","n_visits","n_pens","fish_per_week","No_Fish","power"
20,10,12,30,3600,"0.83 [0.8, 0.85]"
20,12,5,30,1800,"0.82 [0.79, 0.84]"
30,8,8,25,1600,"0.8 [0.78, 0.83]"
30,10,5,20,1000,"0.81 [0.79, 0.84]"
30,12,2,25,600,"0.8 [0.78, 0.83]"
50,6,15,15,1350,"0.82 [0.79, 0.84]"
50,8,12,5,480,"0.83 [0.8, 0.85]"
50,10,2,10,200,"0.82 [0.79, 0.84]"
50,12,2,5,120,"0.85 [0.82, 0.87]"
100,4,10,20,800,"0.82 [0.79, 0.84]"
100,6,2,15,180,"0.8 [0.78, 0.83]"
100,8,2,5,80,"0.83 [0.81, 0.86]"
100,10,2,5,100,"0.96 [0.95, 0.98]"
100,12,2,5,120,"0.99 [0.98, 1]"
150,4,15,5,300,"0.8 [0.77, 0.82]"
150,6,2,5,60,"0.81 [0.79, 0.84]"
150,8,2,5,80,"0.97 [0.95, 0.98]"
150,10,2,5,100,"0.99 [0.98, 1]"
150,12,2,5,120,"0.99 [0.98, 1]"
